Invoice Number,Date,Customer,E-mail,Address,Product,Cost,Paid
235901230,2021-02-28,Nukobena Fierypike,fierypike@gmail.com,"3 Pleasant Place
Ashfield, MA 01340",Font of the Month Club — 3 Months_24;Custom services_96;Trilby_100,220,TRUE
235902309,2021-08-21,Thralmoulda Grumbleaxe,grumbleaxe@gmail.com,"4252 Trogdor Terrace
Sheridan, MA 01229",Roslindale Display Condensed_500,500,TRUE
239029031,2021-03-29,Thofrina Chainbringer,chainbringer@gmail.com,"2111 Monroe Lane
Carlisle, MA 01112","Misc. Items",300,FALSE